<?xml version="1.0" encoding="ISO-8859-1"?>
<metadata>
	<idinfo>
		<citation>
			<citeinfo>
				<origin>Geospatial and Statistical Data Center, Alderman Library</origin>
				<pubdate>20020521</pubdate>
				<title Sync="TRUE">DEM.tif</title>
				<geoform Sync="TRUE">remote-sensing image</geoform>
				<serinfo>
					<sername>30M Digital Elevation Model (7.5 minute)</sername>
					<issue>36075-F8</issue>
				</serinfo>
				<onlink Sync="TRUE">\\lalfileserver\gis\PROJECTS\Digital Domain\Topography\DEM.tif</onlink>
				<ftname Sync="TRUE">DEM.tif</ftname></citeinfo>
		</citation>
		<descript>
			<abstract>
The 7.5-minute digital elevation model (DEM) data are
digital representations of cartographic information in a raster form. The DEMs
consist of an array of elevations for ground positions at regularly spaced intervals.  The
data are produced in 7.5- by 7.5-minute blocks from either
digitized cartographic map contour overlays of a scanned
National Aerial Photography Program (NAPP) photographs.
The DEM data are stored as profiles with a 10- or 30-meter square grid spacing along and
between each profile.

Approximate file sizes are 9.9 megabytes for a 10-meter
resolution and 1.1 megabytes for a 30-meter horizontal resolution.  Data profiles for
this product do not always have the same number of elevations because of the variable
angle between true north and grid north in the Universal Transverse Mercator (UTM)
projection coordinate system.

The DEM data for 7.5-minute units correspond to the USGS
7.5-minute topographic quadrangle map series for all of the United States and its
territories except Alaska.
</abstract>
			<purpose>
DEMs can be used as source data for digital orthophotos,
and for earth science analysis as layers in geographic
information systems.

DEMs can also serve as tools for volumetric analysis, for
site location of towers, or for drainage basin delineation. These data were
collected as part of the National Mapping Program.
</purpose>
			<supplinf>
The 7.5-minute DEM data  have rows and columns that vary in
length and are staggered. The UTM bounding coordinates form a quadrilateral in which no two sides are
parallel to each other, rather than a rectangle.  If a rectangle is required for the user's application, the
user will need to pad out the uneven rows and columns with
blanks or flagged data values.  Some software vendors have incorporated this function
into their software for input of standard formatted USGS DEMs.

The USGS has entered into an agreement with the
GeoCommunity to serve updated, SDTS format, DEMs through
the GIS Data Depot. 
The DEM header file can be found at: 36075f8_30.txt
</supplinf>
			<langdata Sync="TRUE">en</langdata></descript>
		<timeperd>
			<timeinfo>
				<sngdate>
					<caldate>1982</caldate>
				</sngdate>
			</timeinfo>
			<current>ground condition</current>
		</timeperd>
		<status>
			<progress>Complete</progress>
			<update>As needed</update>
		</status>
		<spdom>
			<bounding>
				<westbc Sync="TRUE">-86.045636</westbc>
				<eastbc Sync="TRUE">-85.795638</eastbc>
				<northbc Sync="TRUE">35.291187</northbc>
				<southbc Sync="TRUE">35.086133</southbc>
			</bounding>
			<lboundng><leftbc Sync="TRUE">586995.000000</leftbc><rightbc Sync="TRUE">609515.000000</rightbc><bottombc Sync="TRUE">3883255.000000</bottombc><topbc Sync="TRUE">3905755.000000</topbc></lboundng></spdom>
		<keywords>
			<theme>
				<themekt>None</themekt>
				<themekey>contours</themekey>
				<themekey>Digital Terrain Model</themekey>
				<themekey>height</themekey>
				<themekey>altitude</themekey>
				<themekey>DEM</themekey>
				<themekey>Digital Elevation Model</themekey>
				<themekey>Hypsography</themekey>
				<themekey>7.5-minute DEM</themekey>
			</theme>
			<place><placekey>Cumberland Plateau</placekey><placekey>Tennessee</placekey><placekey>Sewanee</placekey></place></keywords>
		<accconst>none</accconst>
		<useconst>
None.  Acknowledgement of the U.S. Geological Survey would be
appreciated in products derived from these data.
</useconst>
		<native Sync="TRUE">Microsoft Windows Vista Version 6.0 (Build 6001) Service Pack 1; ESRI ArcCatalog 9.3.0.1770</native><natvform Sync="TRUE">Raster Dataset</natvform></idinfo>
	<dataqual>
		<attracc>
			<attraccr>
The accuracy of a DEM depends upon the source  level of
detail and the grid spacing used to sample that source. The primary limiting factor for the
source level of detail is the scale of the source materials. The proper selection of grid spacing determines
the level of content that may be extracted from a given source during digitization.  For 7.5-minute DEMs
derived from a photogrammetric source, 90 percent have a vertical accuracy of 7-meter RMSE or better and 10
percent are in the 8- to 15-meter range.
</attraccr>
		</attracc>
		<logic>
The fidelity of the relationships encoded in the data structure
of the DEM are automatically verified using a USGS software program upon completion of the data production cycle.
The test verifies full compliance to the DEM specification.
</logic>
		<complete>
The DEM is visually inspected for completeness on a DEM view
and edit system for the purpose of performing a final quality control, and, if necessary, edit of the DEM. The
physical format of each digital elevation model is validated for content completeness and logical consistency,
both during production quality control and prior to archiving
in the National Digital Cartographic Data Base. Due to the
variable orientation of the quadrilateral in relation to the Universal Transverse Mercator (UTM) projection grid, profiles
that pass within the bounds of the DEM quadrilateral may be void of elevation grid points and are not
represented in the DEM. This condition occurs infrequently and is always the first or last profile of the
dataset. Level 2 DEM: Level 2 DEMs may contain void areas due to interruptions to contours in the source graphic
or DLG. Void area elevation grid posts are assigned the value of -32,767. In addition, suspect elevation areas may
exist in the DEM but are not specifically identified.

Suspect areas can be located on the source graphic as a disturbed surface and are symbolized by contours overprinted
with photorevised or other surface patterns.
</complete>
		<posacc>
			<horizpa>
				<horizpar>
The horizontal accuracy of the DEM is expressed as an
estimated root mean square error (RMSE).

The estimate of the RMSE is based upon horizontal
accuracy tests of the DEM source materials that are selected as equal to or less than the intended
horizontal RMSE error of the DEM. The testing of source material horizontal accuracy is accomplished by
comparing the planimetric (X and Y) coordinates of well-defined ground points with the
coordinates of the same points as determined from a source of higher accuracy.
</horizpar>
				<qhorizpa>
					<horizpav>2</horizpav>
					<horizpae>meter(s)</horizpae>
				</qhorizpa>
			</horizpa>
			<vertacc>
				<vertaccr>
The vertical RMSE statistic is used to describe the
vertical accuracy of a DEM and encompasses both random
and systematic errors introduced during production of
the data. The RMSE is encoded in element number 5
of record C of the DEM. Accuracy is computed by a
comparison of linear interpolated elevations in the
DEM with corresponding known elevations. Test points
are well distributed, representative of the terrain,
and have true elevations with accuracies well within
the DEM accuracy criteria. Acceptable test points
include, in order of preference: field control,
aerotriangulated test points, spot elevations, or
points on contours from existing source maps with appropriate
contour interval. A minimum of 28 test points per
DEM is required to compute the RMSE, which is composed
of a single test using 20 interior points and 8
edge points. Edge points are those which are located
along, at, or near the quadrangle neatlines and are
deemed by the editor to be useful to evaluating the
accuracy of the edge of the DEM. Collection of test
point data and comparison of the DEM with the
quadrangle hypsography are conducted by the quality
control units within the USGS. There are three types
of DEM vertical errors: blunder, systematic, and
random. These errors are reduced in magnitude by
editing but cannot be completely eliminated. Blunder
errors are those errors of major proportions and are
easily identified and removed during interactive
editing.
Systematic errors are those errors that follow some
fixed pattern and are introduced by data collection
procedures and systems.  Random errors result from
unknown or accidental causes.
</vertaccr>
				<qvertpa>
					<vertaccv>2</vertaccv>
					<vertacce>meter(s) or feet</vertacce>
				</qvertpa>
			</vertacc>
		</posacc>
		<lineage>
			<srcinfo>
				<srccite>
					<citeinfo>
						<origin>U.S. Geological Survey</origin>
						<pubdate>20010917</pubdate>
						<title>1645871.dem.sdts.tar</title>
						<geoform>DEM STDS</geoform>
						<serinfo>
							<sername>SDTS DEM - 7.5X7.5 GRID</sername>
							<issue>36075-F8</issue>
						</serinfo>
						<pubinfo>
							<pubplace>Reston, VA</pubplace>
							<publish>U.S. Geological Survey</publish>
						</pubinfo>
					</citeinfo>
				</srccite>
				<typesrc>CD-ROM</typesrc>
				<srctime>
					<timeinfo>
						<sngdate>
							<caldate>1982</caldate>
						</sngdate>
					</timeinfo>
					<srccurr>ground condition</srccurr>
				</srctime>
				<srccitea>SDTS</srccitea>
				<srccontr>SDTS format file used to convert to DEM Format.</srccontr>
			</srcinfo>
			<procstep>
				<procdesc>
Original files in SDTS format were processed using the
sdts2dem program - Version 0.018.  This SDTS Public Domain Software
program was downloaded from
http://www.cs.arizona.edu/topovista/sdts2dem/. The final
product is a USGS format DEM.
The resulting DEM files were renamed and zipped with their
original text headers (received from Geo Community's GIS Data Depot)
as well as an FGDC compliant metadata record.
For detailed information on original DEM creation
see:
http://fisher.lib.virginia.edu/dem/metadata/dem.details.html
</procdesc>
				<srcused>SDTS</srcused>
				<procdate>20020521</procdate>
			</procstep>
			<procstep><procdesc Sync="TRUE">Metadata imported.</procdesc><srcused Sync="TRUE">C:\Documents and Settings\Administrator\Desktop\36075f8_30.dem.xml</srcused><date Sync="TRUE">20070820</date><time Sync="TRUE">08371700</time></procstep><procstep><procdesc Sync="TRUE">Dataset copied.</procdesc><srcused Sync="TRUE">V:\PROJECTS\Domain\Digital Domain Phase II\Topography\DEM.tif</srcused><procdate Sync="TRUE">20090519</procdate><proctime Sync="TRUE">11114900</proctime></procstep><procstep><procdesc Sync="TRUE">Dataset moved.</procdesc><srcused Sync="TRUE">V:\PROJECTS\Forest History Evans\DEM.tif</srcused><procdate Sync="TRUE">20090519</procdate><proctime Sync="TRUE">12023600</proctime></procstep><procstep><procdesc Sync="TRUE">Dataset moved.</procdesc><srcused Sync="TRUE">V:\PROJECTS\Digital Domain\Topography2\DEM.tif</srcused><procdate Sync="TRUE">20100604</procdate><proctime Sync="TRUE">13444500</proctime></procstep></lineage>
	</dataqual>
	<spdoinfo>
		<direct Sync="TRUE">Raster</direct>
		<rastinfo>
			<rasttype Sync="TRUE">Pixel</rasttype>
			<rowcount Sync="TRUE">2250</rowcount><colcount Sync="TRUE">2252</colcount><rastxsz Sync="TRUE">10.000000</rastxsz><rastysz Sync="TRUE">10.000000</rastysz><rastbpp Sync="TRUE">32</rastbpp><vrtcount Sync="TRUE">1</vrtcount><rastorig Sync="TRUE">Upper Left</rastorig><rastcmap Sync="TRUE">FALSE</rastcmap><rastcomp Sync="TRUE">None</rastcomp><rastband Sync="TRUE">1</rastband><rastdtyp Sync="TRUE">pixel RGB</rastdtyp><rastplyr Sync="TRUE">TRUE</rastplyr><rastifor Sync="TRUE">TIFF</rastifor></rastinfo>
	</spdoinfo>
	<spref>
		<horizsys>
			<planar>
				<planci>
					<plance Sync="TRUE">row and column</plance>
					<coordrep>
						<absres Sync="TRUE">10.000000</absres>
						<ordres Sync="TRUE">10.000000</ordres>
					</coordrep>
					<plandu Sync="TRUE">meters</plandu>
				</planci>
			</planar>
			<geodetic>
				<horizdn Sync="TRUE">D_WGS_1984</horizdn>
				<ellips Sync="TRUE">WGS_1984</ellips>
				<semiaxis Sync="TRUE">6378137.000000</semiaxis>
				<denflat Sync="TRUE">298.257224</denflat>
			</geodetic>
			<cordsysn><geogcsn Sync="TRUE">GCS_WGS_1984</geogcsn><projcsn Sync="TRUE">WGS_1984_UTM_Zone_16N</projcsn></cordsysn></horizsys>
		<vertdef>
			<altsys>
				<altdatum>National Geodetic Vertical Datum of 1929</altdatum>
				<altres>1.000</altres>
				<altunits>Foot</altunits>
				<altenc>explicit elevation coordinate included with horizontal coordinates</altenc>
			</altsys>
		</vertdef>
	</spref>
	<eainfo>
		<overview>
			<eaover>
The digital elevation model is composed of a
6-character integer raster representing a gridded form of a topographic map hypsography overlay.
Each raster entity contains a 6-character integer value between -32,767 to 32,768.
</eaover>
			<eadetcit>
U.S.Department of the Interior, U.S. Geological Survey,
Digital Elevation Models --
Data Users Guide; Reston, VA, A softcopy extract is
available at:

http://fisher.lib.virginia.edu/dem/metadata/dem.data.user.guide.html
</eadetcit>
		</overview>
		<detailed Name="Band_1"><enttyp><enttypl Sync="TRUE">Band_1</enttypl><enttypt Sync="TRUE">Table</enttypt><enttypc Sync="TRUE">420</enttypc></enttyp><attr><attrlabl Sync="TRUE">ObjectID</attrlabl><attalias Sync="TRUE">ObjectID</attalias><attrtype Sync="TRUE">OID</attrtype><attwidth Sync="TRUE">4</attwidth><atprecis Sync="TRUE">0</atprecis><attscale Sync="TRUE">0</attscale><attrdef Sync="TRUE">Internal feature number.</attrdef><attrdefs Sync="TRUE">ESRI</attrdefs><attrdomv><udom Sync="TRUE">Sequential unique whole numbers that are automatically generated.</udom></attrdomv></attr><attr><attrlabl Sync="TRUE">Value</attrlabl><attalias Sync="TRUE">Value</attalias><attrtype Sync="TRUE">Double</attrtype><attwidth Sync="TRUE">0</attwidth><atprecis Sync="TRUE">0</atprecis><attscale Sync="TRUE">0</attscale></attr><attr><attrlabl Sync="TRUE">Count</attrlabl><attalias Sync="TRUE">Count</attalias><attrtype Sync="TRUE">Double</attrtype><attwidth Sync="TRUE">0</attwidth><atprecis Sync="TRUE">0</atprecis><attscale Sync="TRUE">0</attscale></attr></detailed></eainfo>
	<distinfo>
		<distrib>
			<cntinfo>
				<cntorgp>
					<cntorg>Geospatial and Statistical Data Center</cntorg>
				</cntorgp>
				<cntaddr>
					<addrtype>mailing and physical address</addrtype>
					<address>Alderman Library, Box 400129</address>
					<city>Charlottesville</city>
					<state>VA</state>
					<postal>22904-4129</postal>
					<country>USA</country>
				</cntaddr>
				<cntvoice>434.982.2630</cntvoice>
				<cntemail>geostat@virginia.edu</cntemail>
				<hours>9:00 AM - 5:00 PM</hours>
			</cntinfo>
		</distrib>
		<distliab>
Although these data have been processed successfully on a
computer system at the USGS, no warranty expressed or
implied is made by the USGS regarding the use of the data
on any other system, nor does the act of distribution
constitute any such warranty.
</distliab>
		<stdorder>
			<digform>
				<digtinfo>
					<formname>DEM</formname>
					<transize Sync="TRUE">0.000</transize><dssize Sync="TRUE">0.000</dssize></digtinfo>
				<digtopt>
					<onlinopt>
						<computer>
							<networka>
								<networkr>ftp://fisher.lib.virginia.edu/pub/va_dem/36075/36075f8_30.zip</networkr>
							</networka>
						</computer>
					</onlinopt>
				</digtopt>
			</digform>
			<fees>none</fees>
		</stdorder>
		<resdesc Sync="TRUE">Downloadable Data</resdesc></distinfo>
	<metainfo>
		<metd Sync="TRUE">20100604</metd>
		<metrd>20020606</metrd>
		<metc>
			<cntinfo>
				<cntorgp>
					<cntorg>Geospatial and Statistical Data Center</cntorg>
					<cntper>REQUIRED: The person responsible for the metadata information.</cntper></cntorgp>
				<cntaddr>
					<addrtype>mailing and physical address</addrtype>
					<address>Alderman Library, Box 400129</address>
					<city>Charlottesville</city>
					<state>VA</state>
					<postal>22904-4129</postal>
					<country>USA</country>
				</cntaddr>
				<cntvoice>434.982.2630</cntvoice>
				<cntemail>geostat@virginia.edu</cntemail>
			</cntinfo>
		</metc>
		<metstdn Sync="TRUE">FGDC Content Standards for Digital Geospatial Metadata</metstdn>
		<metstdv Sync="TRUE">FGDC-STD-001-1998</metstdv>
		<langmeta Sync="TRUE">en</langmeta><mettc Sync="TRUE">local time</mettc></metainfo>
	<Esri><CreaDate>20110915</CreaDate><CreaTime>16161200</CreaTime><SyncOnce>FALSE</SyncOnce><SyncDate>20170315</SyncDate><SyncTime>09072100</SyncTime><ModDate>20170315</ModDate><ModTime>09072100</ModTime><ArcGISFormat>1.0</ArcGISFormat><ArcGISstyle>North American Profile of ISO19115 2003</ArcGISstyle><DataProperties><itemProps><itemLocation><linkage Sync="TRUE">file://Y:\GIS_Data\Sewanee\DEM USGS 10m.tif</linkage><protocol Sync="TRUE">Local Area Network</protocol></itemLocation><itemName Sync="TRUE">DEM USGS 10m.tif</itemName><imsContentType Sync="TRUE">002</imsContentType><nativeExtBox><westBL Sync="TRUE">586995.000000</westBL><eastBL Sync="TRUE">609515.000000</eastBL><southBL Sync="TRUE">3883255.000000</southBL><northBL Sync="TRUE">3905755.000000</northBL><exTypeCode Sync="TRUE">1</exTypeCode></nativeExtBox></itemProps><copyHistory><copy source="L:\Projects\Digital Domain\Topography\DEM USGS 10m.tif" dest="\\lalfileserver\teaching lab share\ES217\Data\Sewanee\DEM USGS 10m.tif" date="20110915" time="16161200"></copy></copyHistory><coordRef><type Sync="TRUE">Projected</type><geogcsn Sync="TRUE">GCS_WGS_1984</geogcsn><csUnits Sync="TRUE">Linear Unit: Meter (1.000000)</csUnits><projcsn Sync="TRUE">WGS_1984_UTM_Zone_16N</projcsn><peXml Sync="TRUE">&lt;ProjectedCoordinateSystem xsi:type='typens:ProjectedCoordinateSystem' xmlns:xsi='http://www.w3.org/2001/XMLSchema-instance' xmlns:xs='http://www.w3.org/2001/XMLSchema' xmlns:typens='http://www.esri.com/schemas/ArcGIS/10.4'&gt;&lt;WKT&gt;PROJCS[&amp;quot;WGS_1984_UTM_Zone_16N&amp;quot;,GEOGCS[&amp;quot;GCS_WGS_1984&amp;quot;,DATUM[&amp;quot;D_WGS_1984&amp;quot;,SPHEROID[&amp;quot;WGS_1984&amp;quot;,6378137.0,298.257223563]],PRIMEM[&amp;quot;Greenwich&amp;quot;,0.0],UNIT[&amp;quot;Degree&amp;quot;,0.0174532925199433]],PROJECTION[&amp;quot;Transverse_Mercator&amp;quot;],PARAMETER[&amp;quot;False_Easting&amp;quot;,500000.0],PARAMETER[&amp;quot;False_Northing&amp;quot;,0.0],PARAMETER[&amp;quot;Central_Meridian&amp;quot;,-87.0],PARAMETER[&amp;quot;Scale_Factor&amp;quot;,0.9996],PARAMETER[&amp;quot;Latitude_Of_Origin&amp;quot;,0.0],UNIT[&amp;quot;Meter&amp;quot;,1.0],AUTHORITY[&amp;quot;EPSG&amp;quot;,32616]]&lt;/WKT&gt;&lt;XOrigin&gt;-5120900&lt;/XOrigin&gt;&lt;YOrigin&gt;-9998100&lt;/YOrigin&gt;&lt;XYScale&gt;450445547.3910538&lt;/XYScale&gt;&lt;ZOrigin&gt;-100000&lt;/ZOrigin&gt;&lt;ZScale&gt;10000&lt;/ZScale&gt;&lt;MOrigin&gt;-100000&lt;/MOrigin&gt;&lt;MScale&gt;10000&lt;/MScale&gt;&lt;XYTolerance&gt;0.001&lt;/XYTolerance&gt;&lt;ZTolerance&gt;0.001&lt;/ZTolerance&gt;&lt;MTolerance&gt;0.001&lt;/MTolerance&gt;&lt;HighPrecision&gt;true&lt;/HighPrecision&gt;&lt;WKID&gt;32616&lt;/WKID&gt;&lt;LatestWKID&gt;32616&lt;/LatestWKID&gt;&lt;/ProjectedCoordinateSystem&gt;</peXml></coordRef><RasterProperties><General><PixelDepth Sync="TRUE">32</PixelDepth><HasColormap Sync="TRUE">FALSE</HasColormap><CompressionType Sync="TRUE">None</CompressionType><NumBands Sync="TRUE">1</NumBands><Format Sync="TRUE">TIFF</Format><HasPyramids Sync="TRUE">TRUE</HasPyramids><SourceType Sync="TRUE">continuous</SourceType><PixelType Sync="TRUE">floating point</PixelType><NoDataValue Sync="TRUE">-3.4028235e+038</NoDataValue></General></RasterProperties></DataProperties></Esri><dataIdInfo><envirDesc Sync="TRUE"> Version 6.2 (Build 9200) ; Esri ArcGIS 10.4.1.5686</envirDesc><dataLang><languageCode Sync="TRUE" value="eng"></languageCode><countryCode value="USA" Sync="TRUE"></countryCode></dataLang><idCitation><resTitle Sync="TRUE">DEM USGS 10m.tif</resTitle><presForm><PresFormCd Sync="TRUE" value="005"></PresFormCd></presForm></idCitation><spatRpType><SpatRepTypCd Sync="TRUE" value="002"></SpatRepTypCd></spatRpType><dataExt><geoEle><GeoBndBox esriExtentType="native"><westBL Sync="TRUE">586995</westBL><eastBL Sync="TRUE">609515</eastBL><northBL Sync="TRUE">3905755</northBL><southBL Sync="TRUE">3883255</southBL><exTypeCode Sync="TRUE">1</exTypeCode></GeoBndBox></geoEle></dataExt><geoBox esriExtentType="decdegrees"><westBL Sync="TRUE">-86.045636</westBL><eastBL Sync="TRUE">-85.795638</eastBL><northBL Sync="TRUE">35.291187</northBL><southBL Sync="TRUE">35.086133</southBL><exTypeCode Sync="TRUE">1</exTypeCode></geoBox><dataExt><geoEle><GeoBndBox esriExtentType="search"><exTypeCode Sync="TRUE">1</exTypeCode><westBL Sync="TRUE">-86.045636</westBL><eastBL Sync="TRUE">-85.795638</eastBL><northBL Sync="TRUE">35.291187</northBL><southBL Sync="TRUE">35.086133</southBL></GeoBndBox></geoEle></dataExt></dataIdInfo><mdLang><languageCode Sync="TRUE" value="eng"></languageCode><countryCode value="USA" Sync="TRUE"></countryCode></mdLang><mdStanName Sync="TRUE">ISO 19115 Geographic Information - Metadata</mdStanName><mdStanVer Sync="TRUE">DIS_ESRI1.0</mdStanVer><mdChar><CharSetCd Sync="TRUE" value="006"></CharSetCd></mdChar><mdHrLv><ScopeCd Sync="TRUE" value="005"></ScopeCd></mdHrLv><mdHrLvName Sync="TRUE">dataset</mdHrLvName><distInfo><distributor><distorTran><onLineSrc><orDesc Sync="TRUE">002</orDesc><linkage Sync="TRUE">file://\\lalfileserver\gis\PROJECTS\Digital Domain\Topography\DEM.tif</linkage><protocol Sync="TRUE">Local Area Network</protocol></onLineSrc><transSize Sync="TRUE">0.000</transSize></distorTran><distorFormat><formatName Sync="TRUE">Raster Dataset</formatName></distorFormat></distributor><distFormat><formatName Sync="TRUE">Raster Dataset</formatName></distFormat></distInfo><refSysInfo><RefSystem><refSysID><identCode Sync="TRUE" code="32616">WGS_1984_UTM_Zone_16N</identCode><idCodeSpace Sync="TRUE">EPSG</idCodeSpace><idVersion Sync="TRUE">2.1(3.0.1)</idVersion></refSysID></RefSystem></refSysInfo><spatRepInfo><GridSpatRep><numDims Sync="TRUE">2</numDims><cellGeo><CellGeoCd Sync="TRUE" value="002"></CellGeoCd></cellGeo><tranParaAv Sync="TRUE">1</tranParaAv><axDimProps><Dimen><dimName><DimNameTypCd Sync="TRUE" value="002"></DimNameTypCd></dimName><dimSize Sync="TRUE">2252</dimSize><dimResol><value Sync="TRUE">10</value><uom><UomLength><uomName Sync="TRUE">Meter</uomName><conversionToISOstandardUnit Sync="TRUE">1 Meter = 1 Meter(s)</conversionToISOstandardUnit></UomLength></uom></dimResol></Dimen><Dimen><dimName><DimNameTypCd Sync="TRUE" value="001"></DimNameTypCd></dimName><dimSize Sync="TRUE">2250</dimSize><dimResol><value Sync="TRUE">10</value><uom><UomLength><uomName Sync="TRUE">Meter</uomName><conversionToISOstandardUnit Sync="TRUE">1 Meter = 1 Meter(s)</conversionToISOstandardUnit></UomLength></uom></dimResol></Dimen></axDimProps></GridSpatRep><Georect><cellGeo><CellGeoCd Sync="TRUE" value="002"></CellGeoCd></cellGeo><numDims Sync="TRUE">2</numDims><tranParaAv Sync="TRUE">1</tranParaAv><chkPtAv Sync="TRUE">0</chkPtAv><cornerPts><pos Sync="TRUE">586995.000000 3883255.000000</pos></cornerPts><cornerPts><pos Sync="TRUE">586995.000000 3905755.000000</pos></cornerPts><cornerPts><pos Sync="TRUE">609515.000000 3905755.000000</pos></cornerPts><cornerPts><pos Sync="TRUE">609515.000000 3883255.000000</pos></cornerPts><centerPt><pos Sync="TRUE">598255.000000 3894505.000000</pos></centerPt><axisDimension type="002"><dimSize Sync="TRUE">2252</dimSize><dimResol><value Sync="TRUE" uom="m">10.000000</value></dimResol></axisDimension><axisDimension type="001"><dimSize Sync="TRUE">2250</dimSize><dimResol><value Sync="TRUE" uom="m">10.000000</value></dimResol></axisDimension><ptInPixel><PixOrientCd Sync="TRUE" value="001"></PixOrientCd></ptInPixel></Georect></spatRepInfo><mdDateSt Sync="TRUE">20170315</mdDateSt><contInfo><ImgDesc><contentTyp><ContentTypCd Sync="TRUE" value="001"></ContentTypCd></contentTyp><covDim><Band><dimDescrp Sync="TRUE">Band_1</dimDescrp><maxVal Sync="TRUE">620.000000</maxVal><minVal Sync="TRUE">201.000000</minVal><bitsPerVal Sync="TRUE">32</bitsPerVal><valUnit><UOM type="length"></UOM></valUnit></Band></covDim></ImgDesc></contInfo></metadata>
